model,energy_mae,energy_rmse,force_mae,force_rmse
model_000,8.81196400e-01,8.81365700e-01,1.29811900e-01,2.55197000e-01
model_001,8.81770600e-03,9.78289200e-03,1.12555600e-01,1.82742300e-01
model_002,1.96559200e-01,1.96592800e-01,5.68504200e-02,8.93960300e-02
model_003,1.67401000e+00,1.67580000e+00,2.89254700e-01,4.94010900e-01
mean,6.90145827e-01,6.90885348e-01,1.47118155e-01,2.55336558e-01
std,7.55496481e-01,7.55990590e-01,9.97415628e-02,1.72985208e-01
