{
  "n_models": 4,
  "n_frames": 100,
  "n_atoms": 32,
  "select_k": 10,
  "max_score": 2.7403869984089995,
  "min_score": 1.8876927790586422,
  "mean_score": 2.2363367992837095,
  "selected_indices": [
    87,
    62,
    1,
    37,
    73,
    80,
    34,
    25,
    27,
    56
  ],
  "selected_scores": [
    2.7403869984089995,
    2.695252650471805,
    2.682462406658865,
    2.6502954756372623,
    2.6270368850461803,
    2.6039867016445326,
    2.5966247619387373,
    2.5665351434575583,
    2.562465003736218,
    2.559067595524885
  ],
  "training_schedule": [
    [
      {
        "model_id": 0,
        "seed": 2026,
        "gpu_id": 0
      },
      {
        "model_id": 1,
        "seed": 2027,
        "gpu_id": 1
      }
    ],
    [
      {
        "model_id": 2,
        "seed": 2028,
        "gpu_id": 0
      },
      {
        "model_id": 3,
        "seed": 2029,
        "gpu_id": 1
      }
    ]
  ]
}