round,model,energy_rmse,energy_rmse_natoms,force_rmse
0,model_000,0.1336395,0.01484883,0.3749753
0,model_001,0.128716,0.01430177,0.3711438
0,model_002,0.1191417,0.01323796,0.3540591
0,model_003,0.1382067,0.0153563,0.3954685
1,model_000,0.138983,0.01544256,0.3682165
1,model_001,0.1396081,0.01551201,0.3861489
1,model_002,0.1255386,0.01394873,0.3790892
1,model_003,0.1314685,0.01460761,0.3525164
2,model_000,0.1223031,0.01358923,0.3542023
2,model_001,0.1203357,0.01337064,0.3626481
2,model_002,0.1260708,0.01400786,0.3847298
2,model_003,0.1224112,0.01360125,0.3561796
3,model_000,0.1149267,0.01276963,0.3282416
3,model_001,0.1264158,0.0140462,0.3367741
3,model_002,0.1304857,0.01449841,0.3745004
3,model_003,0.1424763,0.0158307,0.3752929
