round,strategy,n_models,force_rmse_mean,force_rmse_std,energy_rmse_mean
0,uncertainty,4,3.439141e-01,1.1105e-02,1.086297e-01
1,uncertainty,4,3.433040e-01,1.2345e-02,1.214430e-01
1,random,12,3.464124e-01,1.6340e-02,1.015675e-01
2,uncertainty,4,3.352488e-01,1.4595e-02,1.044563e-01
2,random,12,3.718571e-01,5.6999e-02,2.503701e+00
3,uncertainty,4,3.265941e-01,2.1868e-02,1.133646e-01
3,random,12,5.801181e-01,6.9169e-01,7.436481e+00