round,energy_rmse_mean,energy_rmse_std,energy_rmse_natoms_mean,force_rmse_mean,force_rmse_std
0,0.10862975,0.0056924,0.012069975,0.343914075,0.013394550000000005
1,0.12144305,0.012152249999999996,0.0134936725,0.343303975,0.013878799999999997
2,0.1044563,0.004713800000000004,0.0116062575,0.33524885,0.016682449999999988
3,0.113364585,0.011414629999999995,0.012596065,0.32659405,0.020955
